Catalog_num,Plate_num,Column_num,Row_num,Case_ID,Box_col,count_in_box,Plate_well_ID
UCSB-IZC00044269,1,1,A,D1,2,33,PlateNumber:1;ColumnNumber:1;RowNumber:A
UCSB-IZC00014965,1,1,B,D1,4,17,PlateNumber:1;ColumnNumber:1;RowNumber:B
UCSB-IZC00035455,1,1,C,D1,4,11,PlateNumber:1;ColumnNumber:1;RowNumber:C
UCSB-IZC00035527,1,1,D,D1,4,,PlateNumber:1;ColumnNumber:1;RowNumber:D
UCSB-IZC00038956,1,1,E,D10,1,,PlateNumber:1;ColumnNumber:1;RowNumber:E
UCSB-IZC00035377,1,1,F,?,4,32,PlateNumber:1;ColumnNumber:1;RowNumber:F
UCSB-IZC00037286,1,1,G,,,,PlateNumber:1;ColumnNumber:1;RowNumber:G
UCSB-IZC00040323,1,1,H,1,1,44,PlateNumber:1;ColumnNumber:1;RowNumber:H
UCSB-IZC00034066,1,2,A,,,,PlateNumber:1;ColumnNumber:2;RowNumber:A
UCSB-IZC00063833,1,2,B,,,,PlateNumber:1;ColumnNumber:2;RowNumber:B
UCSB-IZC00030482,1,2,C,,,,PlateNumber:1;ColumnNumber:2;RowNumber:C
UCSB-IZC00055820,1,2,D,,,,PlateNumber:1;ColumnNumber:2;RowNumber:D
UCSB-IZC00043417,1,2,E,,,,PlateNumber:1;ColumnNumber:2;RowNumber:E
UCSB-IZC00055840,1,2,F,,,,PlateNumber:1;ColumnNumber:2;RowNumber:F
UCSB-IZC00036701,1,2,G,,,,PlateNumber:1;ColumnNumber:2;RowNumber:G
UCSB-IZC00037405,1,2,H,,,,PlateNumber:1;ColumnNumber:2;RowNumber:H
UCSB-IZC00038815,1,3,A,,,,PlateNumber:1;ColumnNumber:3;RowNumber:A
UCSB-IZC00037446,1,3,B,,,,PlateNumber:1;ColumnNumber:3;RowNumber:B
UCSB-IZC00037110,1,3,C,,,,PlateNumber:1;ColumnNumber:3;RowNumber:C
UCSB-IZC00039889,1,3,D,,,,PlateNumber:1;ColumnNumber:3;RowNumber:D
UCSB-IZC00039615,1,3,E,,,,PlateNumber:1;ColumnNumber:3;RowNumber:E
UCSB-IZC00046972,1,3,F,,,,PlateNumber:1ColumnNumber:3RowNumber:F
UCSB-IZC00035456,1,3,G,,,,PlateNumber:1ColumnNumber:3RowNumber:G
UCSB-IZC00033738,1,3,H,,,,PlateNumber:1ColumnNumber:3RowNumber:H
UCSB-IZC00030973,1,4,A,,,,PlateNumber:1ColumnNumber:4RowNumber:A
UCSB-IZC00030108,1,4,B,,,,PlateNumber:1ColumnNumber:4RowNumber:B
UCSB-IZC00021770,1,4,C,,,,PlateNumber:1ColumnNumber:4RowNumber:C
UCSB-IZC00030401,1,4,D,,,,PlateNumber:1ColumnNumber:4RowNumber:D
UCSB-IZC00035325,1,4,E,,,,PlateNumber:1ColumnNumber:4RowNumber:E
UCSB-IZC00037010,1,4,F,,,,PlateNumber:1ColumnNumber:4RowNumber:F
UCSB-IZC00064966,1,4,G,,,,PlateNumber:1ColumnNumber:4RowNumber:G
UCSB-IZC00036250,1,4,H,,,,PlateNumber:1ColumnNumber:4RowNumber:H
UCSB-IZC00021587,1,5,A,,,,PlateNumber:1ColumnNumber:5RowNumber:A
UCSB-IZC00026835,1,5,B,,,,PlateNumber:1ColumnNumber:5RowNumber:B
UCSB-IZC00037200,1,5,C,,,,PlateNumber:1ColumnNumber:5RowNumber:C
UCSB-IZC00026365,1,5,D,,,,PlateNumber:1ColumnNumber:5RowNumber:D
UCSB-IZC00028263,1,5,E,,,,PlateNumber:1ColumnNumber:5RowNumber:E
UCSB-IZC00026601,1,5,F,,,,PlateNumber:1ColumnNumber:5RowNumber:F
UCSB-IZC00004752,1,5,G,,,,PlateNumber:1ColumnNumber:5RowNumber:G
UCSB-IZC00026587,1,5,H,,,,PlateNumber:1ColumnNumber:5RowNumber:H
UCSB-IZC00026390,1,6,A,,,,PlateNumber:1ColumnNumber:6RowNumber:A
UCSB-IZC00004901,1,6,B,,,,PlateNumber:1ColumnNumber:6RowNumber:B
UCSB-IZC00006208,1,6,C,,,,PlateNumber:1ColumnNumber:6RowNumber:C
UCSB-IZC00003855,1,6,D,,,,PlateNumber:1ColumnNumber:6RowNumber:D
UCSB-IZC00006683,1,6,E,,,,PlateNumber:1ColumnNumber:6RowNumber:E
,1,6,F,,,,PlateNumber:1ColumnNumber:6RowNumber:F
,1,6,G,,,,PlateNumber:1ColumnNumber:6RowNumber:G
,1,6,H,,,,PlateNumber:1ColumnNumber:6RowNumber:H
,1,7,A,,,,PlateNumber:1ColumnNumber:7RowNumber:A
,1,7,B,,,,PlateNumber:1ColumnNumber:7RowNumber:B
,1,7,C,,,,PlateNumber:1ColumnNumber:7RowNumber:C
,1,7,D,,,,PlateNumber:1ColumnNumber:7RowNumber:D
,1,7,E,,,,PlateNumber:1ColumnNumber:7RowNumber:E
,1,7,F,,,,PlateNumber:1ColumnNumber:7RowNumber:F
,1,7,G,,,,PlateNumber:1ColumnNumber:7RowNumber:G
,1,7,H,,,,PlateNumber:1ColumnNumber:7RowNumber:H
,1,8,A,,,,PlateNumber:1ColumnNumber:8RowNumber:A
,1,8,B,,,,PlateNumber:1ColumnNumber:8RowNumber:B
,1,8,C,,,,PlateNumber:1ColumnNumber:8RowNumber:C
,1,8,D,,,,PlateNumber:1ColumnNumber:8RowNumber:D
,1,8,E,,,,PlateNumber:1ColumnNumber:8RowNumber:E
,1,8,F,,,,PlateNumber:1ColumnNumber:8RowNumber:F
,1,8,G,,,,PlateNumber:1ColumnNumber:8RowNumber:G
,1,8,H,,,,PlateNumber:1ColumnNumber:8RowNumber:H
,1,9,A,,,,PlateNumber:1ColumnNumber:9RowNumber:A
,1,9,B,,,,PlateNumber:1ColumnNumber:9RowNumber:B
,1,9,C,,,,PlateNumber:1ColumnNumber:9RowNumber:C
,1,9,D,,,,PlateNumber:1ColumnNumber:9RowNumber:D
,1,9,E,,,,PlateNumber:1ColumnNumber:9RowNumber:E
,1,9,F,,,,PlateNumber:1ColumnNumber:9RowNumber:F
,1,9,G,,,,PlateNumber:1ColumnNumber:9RowNumber:G
,1,9,H,,,,PlateNumber:1ColumnNumber:9RowNumber:H
,1,10,A,,,,PlateNumber:1ColumnNumber:10RowNumber:A
,1,10,B,,,,PlateNumber:1ColumnNumber:10RowNumber:B
,1,10,C,,,,PlateNumber:1ColumnNumber:10RowNumber:C
,1,10,D,,,,PlateNumber:1ColumnNumber:10RowNumber:D
,1,10,E,,,,PlateNumber:1ColumnNumber:10RowNumber:E
,1,10,F,,,,PlateNumber:1ColumnNumber:10RowNumber:F
,1,10,G,,,,PlateNumber:1ColumnNumber:10RowNumber:G
,1,10,H,,,,PlateNumber:1ColumnNumber:10RowNumber:H
,1,11,A,,,,PlateNumber:1ColumnNumber:11RowNumber:A
,1,11,B,,,,PlateNumber:1ColumnNumber:11RowNumber:B
,1,11,C,,,,PlateNumber:1ColumnNumber:11RowNumber:C
,1,11,D,,,,PlateNumber:1ColumnNumber:11RowNumber:D
,1,11,E,,,,PlateNumber:1ColumnNumber:11RowNumber:E
,1,11,F,,,,PlateNumber:1ColumnNumber:11RowNumber:F
,1,11,G,,,,PlateNumber:1ColumnNumber:11RowNumber:G
,1,11,H,,,,PlateNumber:1ColumnNumber:11RowNumber:H
,1,12,A,,,,PlateNumber:1ColumnNumber:12RowNumber:A
,1,12,B,,,,PlateNumber:1ColumnNumber:12RowNumber:B
,1,12,C,,,,PlateNumber:1ColumnNumber:12RowNumber:C
,1,12,D,,,,PlateNumber:1ColumnNumber:12RowNumber:D
,1,12,E,,,,PlateNumber:1ColumnNumber:12RowNumber:E
,1,12,F,,,,PlateNumber:1ColumnNumber:12RowNumber:F
,1,12,G,,,,PlateNumber:1ColumnNumber:12RowNumber:G
,1,12,H,,,,PlateNumber:1ColumnNumber:12RowNumber:H
UCSB-IZC00028556,2,1,A,D4,2,22,PlateNumber:2ColumnNumber:1RowNumber:A
UCSB-IZC00035502,2,1,B,D5,1,16,PlateNumber:2ColumnNumber:1RowNumber:B
UCSB-IZC00009100,2,1,C,D5,3,22,PlateNumber:2ColumnNumber:1RowNumber:C
UCSB-IZC00043619,2,1,D,D5,4,13,PlateNumber:2ColumnNumber:1RowNumber:D
UCSB-IZC00039459,2,1,E,,,,PlateNumber:2ColumnNumber:1RowNumber:E
UCSB-IZC00045923,2,1,F,,,,PlateNumber:2ColumnNumber:1RowNumber:F
UCSB-IZC00047190,2,1,G,,,,PlateNumber:2ColumnNumber:1RowNumber:G
UCSB-IZC00047283,2,1,H,,,,PlateNumber:2ColumnNumber:1RowNumber:H
UCSB-IZC00038682,2,2,A,,,,PlateNumber:2ColumnNumber:2RowNumber:A
UCSB-IZC00064245,2,2,B,,,,PlateNumber:2ColumnNumber:2RowNumber:B
UCSB-IZC00033429,2,2,C,,,,PlateNumber:2ColumnNumber:2RowNumber:C
UCSB-IZC00009197,2,2,D,,,,PlateNumber:2ColumnNumber:2RowNumber:D
UCSB-IZC00056246,2,2,E,,,,PlateNumber:2ColumnNumber:2RowNumber:E
UCSB-IZC00004447,2,2,F,,,,PlateNumber:2ColumnNumber:2RowNumber:F
UCSB-IZC00033836,2,2,G,,,,PlateNumber:2ColumnNumber:2RowNumber:G
,2,2,H,,,,PlateNumber:2ColumnNumber:2RowNumber:H
,2,3,A,,,,PlateNumber:2ColumnNumber:3RowNumber:A
,2,3,B,,,,PlateNumber:2ColumnNumber:3RowNumber:B
,2,3,C,,,,PlateNumber:2ColumnNumber:3RowNumber:C
,2,3,D,,,,PlateNumber:2ColumnNumber:3RowNumber:D
,2,3,E,,,,PlateNumber:2ColumnNumber:3RowNumber:E
,2,3,F,,,,PlateNumber:2ColumnNumber:3RowNumber:F
,2,3,G,,,,PlateNumber:2ColumnNumber:3RowNumber:G
,2,3,H,,,,PlateNumber:2ColumnNumber:3RowNumber:H
,2,4,A,,,,PlateNumber:2ColumnNumber:4RowNumber:A
,2,4,B,,,,PlateNumber:2ColumnNumber:4RowNumber:B
,2,4,C,,,,PlateNumber:2ColumnNumber:4RowNumber:C
,2,4,D,,,,PlateNumber:2ColumnNumber:4RowNumber:D
,2,4,E,,,,PlateNumber:2ColumnNumber:4RowNumber:E
,2,4,F,,,,PlateNumber:2ColumnNumber:4RowNumber:F
,2,4,G,,,,PlateNumber:2ColumnNumber:4RowNumber:G
,2,4,H,,,,PlateNumber:2ColumnNumber:4RowNumber:H
,2,5,A,,,,PlateNumber:2ColumnNumber:5RowNumber:A
,2,5,B,,,,PlateNumber:2ColumnNumber:5RowNumber:B
,2,5,C,,,,PlateNumber:2ColumnNumber:5RowNumber:C
,2,5,D,,,,PlateNumber:2ColumnNumber:5RowNumber:D
,2,5,E,,,,PlateNumber:2ColumnNumber:5RowNumber:E
,2,5,F,,,,PlateNumber:2ColumnNumber:5RowNumber:F
,2,5,G,,,,PlateNumber:2ColumnNumber:5RowNumber:G
,2,5,H,,,,PlateNumber:2ColumnNumber:5RowNumber:H
,2,6,A,,,,PlateNumber:2ColumnNumber:6RowNumber:A
,2,6,B,,,,PlateNumber:2ColumnNumber:6RowNumber:B
,2,6,C,,,,PlateNumber:2ColumnNumber:6RowNumber:C
,2,6,D,,,,PlateNumber:2ColumnNumber:6RowNumber:D
,2,6,E,,,,PlateNumber:2ColumnNumber:6RowNumber:E
,2,6,F,,,,PlateNumber:2ColumnNumber:6RowNumber:F
,2,6,G,,,,PlateNumber:2ColumnNumber:6RowNumber:G
,2,6,H,,,,PlateNumber:2ColumnNumber:6RowNumber:H
,2,7,A,,,,PlateNumber:2ColumnNumber:7RowNumber:A
,2,7,B,,,,PlateNumber:2ColumnNumber:7RowNumber:B
,2,7,C,,,,PlateNumber:2ColumnNumber:7RowNumber:C
,2,7,D,,,,PlateNumber:2ColumnNumber:7RowNumber:D
,2,7,E,,,,PlateNumber:2ColumnNumber:7RowNumber:E
,2,7,F,,,,PlateNumber:2ColumnNumber:7RowNumber:F
,2,7,G,,,,PlateNumber:2ColumnNumber:7RowNumber:G
,2,7,H,,,,PlateNumber:2ColumnNumber:7RowNumber:H
,2,8,A,,,,PlateNumber:2ColumnNumber:8RowNumber:A
,2,8,B,,,,PlateNumber:2ColumnNumber:8RowNumber:B
,2,8,C,,,,PlateNumber:2ColumnNumber:8RowNumber:C
,2,8,D,,,,PlateNumber:2ColumnNumber:8RowNumber:D
,2,8,E,,,,PlateNumber:2ColumnNumber:8RowNumber:E
,2,8,F,,,,PlateNumber:2ColumnNumber:8RowNumber:F
,2,8,G,,,,PlateNumber:2ColumnNumber:8RowNumber:G
,2,8,H,,,,PlateNumber:2ColumnNumber:8RowNumber:H
,2,9,A,,,,PlateNumber:2ColumnNumber:9RowNumber:A
,2,9,B,,,,PlateNumber:2ColumnNumber:9RowNumber:B
,2,9,C,,,,PlateNumber:2ColumnNumber:9RowNumber:C
,2,9,D,,,,PlateNumber:2ColumnNumber:9RowNumber:D
,2,9,E,,,,PlateNumber:2ColumnNumber:9RowNumber:E
,2,9,F,,,,PlateNumber:2ColumnNumber:9RowNumber:F
,2,9,G,,,,PlateNumber:2ColumnNumber:9RowNumber:G
,2,9,H,,,,PlateNumber:2ColumnNumber:9RowNumber:H
,2,10,A,,,,PlateNumber:2ColumnNumber:10RowNumber:A
,2,10,B,,,,PlateNumber:2ColumnNumber:10RowNumber:B
,2,10,C,,,,PlateNumber:2ColumnNumber:10RowNumber:C
,2,10,D,,,,PlateNumber:2ColumnNumber:10RowNumber:D
,2,10,E,,,,PlateNumber:2ColumnNumber:10RowNumber:E
,2,10,F,,,,PlateNumber:2ColumnNumber:10RowNumber:F
,2,10,G,,,,PlateNumber:2ColumnNumber:10RowNumber:G
,2,10,H,,,,PlateNumber:2ColumnNumber:10RowNumber:H
,2,11,A,,,,PlateNumber:2ColumnNumber:11RowNumber:A
,2,11,B,,,,PlateNumber:2ColumnNumber:11RowNumber:B
,2,11,C,,,,PlateNumber:2ColumnNumber:11RowNumber:C
,2,11,D,,,,PlateNumber:2ColumnNumber:11RowNumber:D
,2,11,E,,,,PlateNumber:2ColumnNumber:11RowNumber:E
,2,11,F,,,,PlateNumber:2ColumnNumber:11RowNumber:F
,2,11,G,,,,PlateNumber:2ColumnNumber:11RowNumber:G
,2,11,H,,,,PlateNumber:2ColumnNumber:11RowNumber:H
,2,12,A,,,,PlateNumber:2ColumnNumber:12RowNumber:A
,2,12,B,,,,PlateNumber:2ColumnNumber:12RowNumber:B
,2,12,C,,,,PlateNumber:2ColumnNumber:12RowNumber:C
,2,12,D,,,,PlateNumber:2ColumnNumber:12RowNumber:D
,2,12,E,,,,PlateNumber:2ColumnNumber:12RowNumber:E
,2,12,F,,,,PlateNumber:2ColumnNumber:12RowNumber:F
,2,12,G,,,,PlateNumber:2ColumnNumber:12RowNumber:G
,2,12,H,,,,PlateNumber:2ColumnNumber:12RowNumber:H
,3,1,A,,,,PlateNumber:3ColumnNumber:1RowNumber:A
,3,1,B,,,,PlateNumber:3ColumnNumber:1RowNumber:B
,3,1,C,,,,PlateNumber:3ColumnNumber:1RowNumber:C
,3,1,D,,,,PlateNumber:3ColumnNumber:1RowNumber:D
,3,1,E,,,,PlateNumber:3ColumnNumber:1RowNumber:E
,3,1,F,,,,PlateNumber:3ColumnNumber:1RowNumber:F
,3,1,G,,,,PlateNumber:3ColumnNumber:1RowNumber:G
,3,1,H,,,,PlateNumber:3ColumnNumber:1RowNumber:H
,3,2,A,,,,PlateNumber:3ColumnNumber:2RowNumber:A
,3,2,B,,,,PlateNumber:3ColumnNumber:2RowNumber:B
,3,2,C,,,,PlateNumber:3ColumnNumber:2RowNumber:C
,3,2,D,,,,PlateNumber:3ColumnNumber:2RowNumber:D
,3,2,E,,,,PlateNumber:3ColumnNumber:2RowNumber:E
,3,2,F,,,,PlateNumber:3ColumnNumber:2RowNumber:F
,3,2,G,,,,PlateNumber:3ColumnNumber:2RowNumber:G
,3,2,H,,,,PlateNumber:3ColumnNumber:2RowNumber:H
,3,3,A,,,,PlateNumber:3ColumnNumber:3RowNumber:A
,3,3,B,,,,PlateNumber:3ColumnNumber:3RowNumber:B
,3,3,C,,,,PlateNumber:3ColumnNumber:3RowNumber:C
,3,3,D,,,,PlateNumber:3ColumnNumber:3RowNumber:D
,3,3,E,,,,PlateNumber:3ColumnNumber:3RowNumber:E
,3,3,F,,,,PlateNumber:3ColumnNumber:3RowNumber:F
,3,3,G,,,,PlateNumber:3ColumnNumber:3RowNumber:G
,3,3,H,,,,PlateNumber:3ColumnNumber:3RowNumber:H
,3,4,A,,,,PlateNumber:3ColumnNumber:4RowNumber:A
,3,4,B,,,,PlateNumber:3ColumnNumber:4RowNumber:B
,3,4,C,,,,PlateNumber:3ColumnNumber:4RowNumber:C
,3,4,D,,,,PlateNumber:3ColumnNumber:4RowNumber:D
,3,4,E,,,,PlateNumber:3ColumnNumber:4RowNumber:E
,3,4,F,,,,PlateNumber:3ColumnNumber:4RowNumber:F
,3,4,G,,,,PlateNumber:3ColumnNumber:4RowNumber:G
,3,4,H,,,,PlateNumber:3ColumnNumber:4RowNumber:H
,3,5,A,,,,PlateNumber:3ColumnNumber:5RowNumber:A
,3,5,B,,,,PlateNumber:3ColumnNumber:5RowNumber:B
,3,5,C,,,,PlateNumber:3ColumnNumber:5RowNumber:C
,3,5,D,,,,PlateNumber:3ColumnNumber:5RowNumber:D
,3,5,E,,,,PlateNumber:3ColumnNumber:5RowNumber:E
,3,5,F,,,,PlateNumber:3ColumnNumber:5RowNumber:F
,3,5,G,,,,PlateNumber:3ColumnNumber:5RowNumber:G
,3,5,H,,,,PlateNumber:3ColumnNumber:5RowNumber:H
,3,6,A,,,,PlateNumber:3ColumnNumber:6RowNumber:A
,3,6,B,,,,PlateNumber:3ColumnNumber:6RowNumber:B
,3,6,C,,,,PlateNumber:3ColumnNumber:6RowNumber:C
,3,6,D,,,,PlateNumber:3ColumnNumber:6RowNumber:D
,3,6,E,,,,PlateNumber:3ColumnNumber:6RowNumber:E
,3,6,F,,,,PlateNumber:3ColumnNumber:6RowNumber:F
,3,6,G,,,,PlateNumber:3ColumnNumber:6RowNumber:G
,3,6,H,,,,PlateNumber:3ColumnNumber:6RowNumber:H
,3,7,A,,,,PlateNumber:3ColumnNumber:7RowNumber:A
,3,7,B,,,,PlateNumber:3ColumnNumber:7RowNumber:B
,3,7,C,,,,PlateNumber:3ColumnNumber:7RowNumber:C
,3,7,D,,,,PlateNumber:3ColumnNumber:7RowNumber:D
,3,7,E,,,,PlateNumber:3ColumnNumber:7RowNumber:E
,3,7,F,,,,PlateNumber:3ColumnNumber:7RowNumber:F
,3,7,G,,,,PlateNumber:3ColumnNumber:7RowNumber:G
,3,7,H,,,,PlateNumber:3ColumnNumber:7RowNumber:H
,3,8,A,,,,PlateNumber:3ColumnNumber:8RowNumber:A
,3,8,B,,,,PlateNumber:3ColumnNumber:8RowNumber:B
,3,8,C,,,,PlateNumber:3ColumnNumber:8RowNumber:C
,3,8,D,,,,PlateNumber:3ColumnNumber:8RowNumber:D
,3,8,E,,,,PlateNumber:3ColumnNumber:8RowNumber:E
,3,8,F,,,,PlateNumber:3ColumnNumber:8RowNumber:F
,3,8,G,,,,PlateNumber:3ColumnNumber:8RowNumber:G
,3,8,H,,,,PlateNumber:3ColumnNumber:8RowNumber:H
,3,9,A,,,,PlateNumber:3ColumnNumber:9RowNumber:A
,3,9,B,,,,PlateNumber:3ColumnNumber:9RowNumber:B
,3,9,C,,,,PlateNumber:3ColumnNumber:9RowNumber:C
,3,9,D,,,,PlateNumber:3ColumnNumber:9RowNumber:D
,3,9,E,,,,PlateNumber:3ColumnNumber:9RowNumber:E
,3,9,F,,,,PlateNumber:3ColumnNumber:9RowNumber:F
,3,9,G,,,,PlateNumber:3ColumnNumber:9RowNumber:G
,3,9,H,,,,PlateNumber:3ColumnNumber:9RowNumber:H
,3,10,A,,,,PlateNumber:3ColumnNumber:10RowNumber:A
,3,10,B,,,,PlateNumber:3ColumnNumber:10RowNumber:B
,3,10,C,,,,PlateNumber:3ColumnNumber:10RowNumber:C
,3,10,D,,,,PlateNumber:3ColumnNumber:10RowNumber:D
,3,10,E,,,,PlateNumber:3ColumnNumber:10RowNumber:E
,3,10,F,,,,PlateNumber:3ColumnNumber:10RowNumber:F
,3,10,G,,,,PlateNumber:3ColumnNumber:10RowNumber:G
,3,10,H,,,,PlateNumber:3ColumnNumber:10RowNumber:H
,3,11,A,,,,PlateNumber:3ColumnNumber:11RowNumber:A
,3,11,B,,,,PlateNumber:3ColumnNumber:11RowNumber:B
,3,11,C,,,,PlateNumber:3ColumnNumber:11RowNumber:C
,3,11,D,,,,PlateNumber:3ColumnNumber:11RowNumber:D
,3,11,E,,,,PlateNumber:3ColumnNumber:11RowNumber:E
,3,11,F,,,,PlateNumber:3ColumnNumber:11RowNumber:F
,3,11,G,,,,PlateNumber:3ColumnNumber:11RowNumber:G
,3,11,H,,,,PlateNumber:3ColumnNumber:11RowNumber:H
,3,12,A,,,,PlateNumber:3ColumnNumber:12RowNumber:A
,3,12,B,,,,PlateNumber:3ColumnNumber:12RowNumber:B
,3,12,C,,,,PlateNumber:3ColumnNumber:12RowNumber:C
,3,12,D,,,,PlateNumber:3ColumnNumber:12RowNumber:D
,3,12,E,,,,PlateNumber:3ColumnNumber:12RowNumber:E
,3,12,F,,,,PlateNumber:3ColumnNumber:12RowNumber:F
,3,12,G,,,,PlateNumber:3ColumnNumber:12RowNumber:G
,3,12,H,,,,PlateNumber:3ColumnNumber:12RowNumber:H
,4,1,A,,,,PlateNumber:4ColumnNumber:1RowNumber:A
,4,1,B,,,,PlateNumber:4ColumnNumber:1RowNumber:B
,4,1,C,,,,PlateNumber:4ColumnNumber:1RowNumber:C
,4,1,D,,,,PlateNumber:4ColumnNumber:1RowNumber:D
,4,1,E,,,,PlateNumber:4ColumnNumber:1RowNumber:E
,4,1,F,,,,PlateNumber:4ColumnNumber:1RowNumber:F
,4,1,G,,,,PlateNumber:4ColumnNumber:1RowNumber:G
,4,1,H,,,,PlateNumber:4ColumnNumber:1RowNumber:H
,4,2,A,,,,PlateNumber:4ColumnNumber:2RowNumber:A
,4,2,B,,,,PlateNumber:4ColumnNumber:2RowNumber:B
,4,2,C,,,,PlateNumber:4ColumnNumber:2RowNumber:C
,4,2,D,,,,PlateNumber:4ColumnNumber:2RowNumber:D
,4,2,E,,,,PlateNumber:4ColumnNumber:2RowNumber:E
,4,2,F,,,,PlateNumber:4ColumnNumber:2RowNumber:F
,4,2,G,,,,PlateNumber:4ColumnNumber:2RowNumber:G
,4,2,H,,,,PlateNumber:4ColumnNumber:2RowNumber:H
,4,3,A,,,,PlateNumber:4ColumnNumber:3RowNumber:A
,4,3,B,,,,PlateNumber:4ColumnNumber:3RowNumber:B
,4,3,C,,,,PlateNumber:4ColumnNumber:3RowNumber:C
,4,3,D,,,,PlateNumber:4ColumnNumber:3RowNumber:D
,4,3,E,,,,PlateNumber:4ColumnNumber:3RowNumber:E
,4,3,F,,,,PlateNumber:4ColumnNumber:3RowNumber:F
,4,3,G,,,,PlateNumber:4ColumnNumber:3RowNumber:G
,4,3,H,,,,PlateNumber:4ColumnNumber:3RowNumber:H
,4,4,A,,,,PlateNumber:4ColumnNumber:4RowNumber:A
,4,4,B,,,,PlateNumber:4ColumnNumber:4RowNumber:B
,4,4,C,,,,PlateNumber:4ColumnNumber:4RowNumber:C
,4,4,D,,,,PlateNumber:4ColumnNumber:4RowNumber:D
,4,4,E,,,,PlateNumber:4ColumnNumber:4RowNumber:E
,4,4,F,,,,PlateNumber:4ColumnNumber:4RowNumber:F
,4,4,G,,,,PlateNumber:4ColumnNumber:4RowNumber:G
,4,4,H,,,,PlateNumber:4ColumnNumber:4RowNumber:H
,4,5,A,,,,PlateNumber:4ColumnNumber:5RowNumber:A
,4,5,B,,,,PlateNumber:4ColumnNumber:5RowNumber:B
,4,5,C,,,,PlateNumber:4ColumnNumber:5RowNumber:C
,4,5,D,,,,PlateNumber:4ColumnNumber:5RowNumber:D
,4,5,E,,,,PlateNumber:4ColumnNumber:5RowNumber:E
,4,5,F,,,,PlateNumber:4ColumnNumber:5RowNumber:F
,4,5,G,,,,PlateNumber:4ColumnNumber:5RowNumber:G
,4,5,H,,,,PlateNumber:4ColumnNumber:5RowNumber:H
,4,6,A,,,,PlateNumber:4ColumnNumber:6RowNumber:A
,4,6,B,,,,PlateNumber:4ColumnNumber:6RowNumber:B
,4,6,C,,,,PlateNumber:4ColumnNumber:6RowNumber:C
,4,6,D,,,,PlateNumber:4ColumnNumber:6RowNumber:D
,4,6,E,,,,PlateNumber:4ColumnNumber:6RowNumber:E
,4,6,F,,,,PlateNumber:4ColumnNumber:6RowNumber:F
,4,6,G,,,,PlateNumber:4ColumnNumber:6RowNumber:G
,4,6,H,,,,PlateNumber:4ColumnNumber:6RowNumber:H
,4,7,A,,,,PlateNumber:4ColumnNumber:7RowNumber:A
,4,7,B,,,,PlateNumber:4ColumnNumber:7RowNumber:B
,4,7,C,,,,PlateNumber:4ColumnNumber:7RowNumber:C
,4,7,D,,,,PlateNumber:4ColumnNumber:7RowNumber:D
,4,7,E,,,,PlateNumber:4ColumnNumber:7RowNumber:E
,4,7,F,,,,PlateNumber:4ColumnNumber:7RowNumber:F
,4,7,G,,,,PlateNumber:4ColumnNumber:7RowNumber:G
,4,7,H,,,,PlateNumber:4ColumnNumber:7RowNumber:H
,4,8,A,,,,PlateNumber:4ColumnNumber:8RowNumber:A
,4,8,B,,,,PlateNumber:4ColumnNumber:8RowNumber:B
,4,8,C,,,,PlateNumber:4ColumnNumber:8RowNumber:C
,4,8,D,,,,PlateNumber:4ColumnNumber:8RowNumber:D
,4,8,E,,,,PlateNumber:4ColumnNumber:8RowNumber:E
,4,8,F,,,,PlateNumber:4ColumnNumber:8RowNumber:F
,4,8,G,,,,PlateNumber:4ColumnNumber:8RowNumber:G
,4,8,H,,,,PlateNumber:4ColumnNumber:8RowNumber:H
,4,9,A,,,,PlateNumber:4ColumnNumber:9RowNumber:A
,4,9,B,,,,PlateNumber:4ColumnNumber:9RowNumber:B
,4,9,C,,,,PlateNumber:4ColumnNumber:9RowNumber:C
,4,9,D,,,,PlateNumber:4ColumnNumber:9RowNumber:D
,4,9,E,,,,PlateNumber:4ColumnNumber:9RowNumber:E
,4,9,F,,,,PlateNumber:4ColumnNumber:9RowNumber:F
,4,9,G,,,,PlateNumber:4ColumnNumber:9RowNumber:G
,4,9,H,,,,PlateNumber:4ColumnNumber:9RowNumber:H
,4,10,A,,,,PlateNumber:4ColumnNumber:10RowNumber:A
,4,10,B,,,,PlateNumber:4ColumnNumber:10RowNumber:B
,4,10,C,,,,PlateNumber:4ColumnNumber:10RowNumber:C
,4,10,D,,,,PlateNumber:4ColumnNumber:10RowNumber:D
,4,10,E,,,,PlateNumber:4ColumnNumber:10RowNumber:E
,4,10,F,,,,PlateNumber:4ColumnNumber:10RowNumber:F
,4,10,G,,,,PlateNumber:4ColumnNumber:10RowNumber:G
,4,10,H,,,,PlateNumber:4ColumnNumber:10RowNumber:H
,4,11,A,,,,PlateNumber:4ColumnNumber:11RowNumber:A
,4,11,B,,,,PlateNumber:4ColumnNumber:11RowNumber:B
,4,11,C,,,,PlateNumber:4ColumnNumber:11RowNumber:C
,4,11,D,,,,PlateNumber:4ColumnNumber:11RowNumber:D
,4,11,E,,,,PlateNumber:4ColumnNumber:11RowNumber:E
,4,11,F,,,,PlateNumber:4ColumnNumber:11RowNumber:F
,4,11,G,,,,PlateNumber:4ColumnNumber:11RowNumber:G
,4,11,H,,,,PlateNumber:4ColumnNumber:11RowNumber:H
,4,12,A,,,,PlateNumber:4ColumnNumber:12RowNumber:A
,4,12,B,,,,PlateNumber:4ColumnNumber:12RowNumber:B
,4,12,C,,,,PlateNumber:4ColumnNumber:12RowNumber:C
,4,12,D,,,,PlateNumber:4ColumnNumber:12RowNumber:D
,4,12,E,,,,PlateNumber:4ColumnNumber:12RowNumber:E
,4,12,F,,,,PlateNumber:4ColumnNumber:12RowNumber:F
,4,12,G,,,,PlateNumber:4ColumnNumber:12RowNumber:G
,4,12,H,,,,PlateNumber:4ColumnNumber:12RowNumber:H
,5,1,A,,,,PlateNumber:5ColumnNumber:1RowNumber:A
,5,1,B,,,,PlateNumber:5ColumnNumber:1RowNumber:B
,5,1,C,,,,PlateNumber:5ColumnNumber:1RowNumber:C
,5,1,D,,,,PlateNumber:5ColumnNumber:1RowNumber:D
,5,1,E,,,,PlateNumber:5ColumnNumber:1RowNumber:E
,5,1,F,,,,PlateNumber:5ColumnNumber:1RowNumber:F
,5,1,G,,,,PlateNumber:5ColumnNumber:1RowNumber:G
,5,1,H,,,,PlateNumber:5ColumnNumber:1RowNumber:H
,5,2,A,,,,PlateNumber:5ColumnNumber:2RowNumber:A
,5,2,B,,,,PlateNumber:5ColumnNumber:2RowNumber:B
,5,2,C,,,,PlateNumber:5ColumnNumber:2RowNumber:C
,5,2,D,,,,PlateNumber:5ColumnNumber:2RowNumber:D
,5,2,E,,,,PlateNumber:5ColumnNumber:2RowNumber:E
,5,2,F,,,,PlateNumber:5ColumnNumber:2RowNumber:F
,5,2,G,,,,PlateNumber:5ColumnNumber:2RowNumber:G
,5,2,H,,,,PlateNumber:5ColumnNumber:2RowNumber:H
,5,3,A,,,,PlateNumber:5ColumnNumber:3RowNumber:A
,5,3,B,,,,PlateNumber:5ColumnNumber:3RowNumber:B
,5,3,C,,,,PlateNumber:5ColumnNumber:3RowNumber:C
,5,3,D,,,,PlateNumber:5ColumnNumber:3RowNumber:D
,5,3,E,,,,PlateNumber:5ColumnNumber:3RowNumber:E
,5,3,F,,,,PlateNumber:5ColumnNumber:3RowNumber:F
,5,3,G,,,,PlateNumber:5ColumnNumber:3RowNumber:G
,5,3,H,,,,PlateNumber:5ColumnNumber:3RowNumber:H
,5,4,A,,,,PlateNumber:5ColumnNumber:4RowNumber:A
,5,4,B,,,,PlateNumber:5ColumnNumber:4RowNumber:B
,5,4,C,,,,PlateNumber:5ColumnNumber:4RowNumber:C
,5,4,D,,,,PlateNumber:5ColumnNumber:4RowNumber:D
,5,4,E,,,,PlateNumber:5ColumnNumber:4RowNumber:E
,5,4,F,,,,PlateNumber:5ColumnNumber:4RowNumber:F
,5,4,G,,,,PlateNumber:5ColumnNumber:4RowNumber:G
,5,4,H,,,,PlateNumber:5ColumnNumber:4RowNumber:H
,5,5,A,,,,PlateNumber:5ColumnNumber:5RowNumber:A
,5,5,B,,,,PlateNumber:5ColumnNumber:5RowNumber:B
,5,5,C,,,,PlateNumber:5ColumnNumber:5RowNumber:C
,5,5,D,,,,PlateNumber:5ColumnNumber:5RowNumber:D
,5,5,E,,,,PlateNumber:5ColumnNumber:5RowNumber:E
,5,5,F,,,,PlateNumber:5ColumnNumber:5RowNumber:F
,5,5,G,,,,PlateNumber:5ColumnNumber:5RowNumber:G
,5,5,H,,,,PlateNumber:5ColumnNumber:5RowNumber:H
,5,6,A,,,,PlateNumber:5ColumnNumber:6RowNumber:A
,5,6,B,,,,PlateNumber:5ColumnNumber:6RowNumber:B
,5,6,C,,,,PlateNumber:5ColumnNumber:6RowNumber:C
,5,6,D,,,,PlateNumber:5ColumnNumber:6RowNumber:D
,5,6,E,,,,PlateNumber:5ColumnNumber:6RowNumber:E
,5,6,F,,,,PlateNumber:5ColumnNumber:6RowNumber:F
,5,6,G,,,,PlateNumber:5ColumnNumber:6RowNumber:G
,5,6,H,,,,PlateNumber:5ColumnNumber:6RowNumber:H
,5,7,A,,,,PlateNumber:5ColumnNumber:7RowNumber:A
,5,7,B,,,,PlateNumber:5ColumnNumber:7RowNumber:B
,5,7,C,,,,PlateNumber:5ColumnNumber:7RowNumber:C
,5,7,D,,,,PlateNumber:5ColumnNumber:7RowNumber:D
,5,7,E,,,,PlateNumber:5ColumnNumber:7RowNumber:E
,5,7,F,,,,PlateNumber:5ColumnNumber:7RowNumber:F
,5,7,G,,,,PlateNumber:5ColumnNumber:7RowNumber:G
,5,7,H,,,,PlateNumber:5ColumnNumber:7RowNumber:H
,5,8,A,,,,PlateNumber:5ColumnNumber:8RowNumber:A
,5,8,B,,,,PlateNumber:5ColumnNumber:8RowNumber:B
,5,8,C,,,,PlateNumber:5ColumnNumber:8RowNumber:C
,5,8,D,,,,PlateNumber:5ColumnNumber:8RowNumber:D
,5,8,E,,,,PlateNumber:5ColumnNumber:8RowNumber:E
,5,8,F,,,,PlateNumber:5ColumnNumber:8RowNumber:F
,5,8,G,,,,PlateNumber:5ColumnNumber:8RowNumber:G
,5,8,H,,,,PlateNumber:5ColumnNumber:8RowNumber:H
,5,9,A,,,,PlateNumber:5ColumnNumber:9RowNumber:A
,5,9,B,,,,PlateNumber:5ColumnNumber:9RowNumber:B
,5,9,C,,,,PlateNumber:5ColumnNumber:9RowNumber:C
,5,9,D,,,,PlateNumber:5ColumnNumber:9RowNumber:D
,5,9,E,,,,PlateNumber:5ColumnNumber:9RowNumber:E
,5,9,F,,,,PlateNumber:5ColumnNumber:9RowNumber:F
,5,9,G,,,,PlateNumber:5ColumnNumber:9RowNumber:G
,5,9,H,,,,PlateNumber:5ColumnNumber:9RowNumber:H
,5,10,A,,,,PlateNumber:5ColumnNumber:10RowNumber:A
,5,10,B,,,,PlateNumber:5ColumnNumber:10RowNumber:B
,5,10,C,,,,PlateNumber:5ColumnNumber:10RowNumber:C
,5,10,D,,,,PlateNumber:5ColumnNumber:10RowNumber:D
,5,10,E,,,,PlateNumber:5ColumnNumber:10RowNumber:E
,5,10,F,,,,PlateNumber:5ColumnNumber:10RowNumber:F
,5,10,G,,,,PlateNumber:5ColumnNumber:10RowNumber:G
,5,10,H,,,,PlateNumber:5ColumnNumber:10RowNumber:H
,5,11,A,,,,PlateNumber:5ColumnNumber:11RowNumber:A
,5,11,B,,,,PlateNumber:5ColumnNumber:11RowNumber:B
,5,11,C,,,,PlateNumber:5ColumnNumber:11RowNumber:C
,5,11,D,,,,PlateNumber:5ColumnNumber:11RowNumber:D
,5,11,E,,,,PlateNumber:5ColumnNumber:11RowNumber:E
,5,11,F,,,,PlateNumber:5ColumnNumber:11RowNumber:F
,5,11,G,,,,PlateNumber:5ColumnNumber:11RowNumber:G
,5,11,H,,,,PlateNumber:5ColumnNumber:11RowNumber:H
,5,12,A,,,,PlateNumber:5ColumnNumber:12RowNumber:A
,5,12,B,,,,PlateNumber:5ColumnNumber:12RowNumber:B
,5,12,C,,,,PlateNumber:5ColumnNumber:12RowNumber:C
,5,12,D,,,,PlateNumber:5ColumnNumber:12RowNumber:D
,5,12,E,,,,PlateNumber:5ColumnNumber:12RowNumber:E
,5,12,F,,,,PlateNumber:5ColumnNumber:12RowNumber:F
,5,12,G,,,,PlateNumber:5ColumnNumber:12RowNumber:G
,5,12,H,,,,PlateNumber:5ColumnNumber:12RowNumber:H
,6,1,A,,,,PlateNumber:6ColumnNumber:1RowNumber:A
,6,1,B,,,,PlateNumber:6ColumnNumber:1RowNumber:B
,6,1,C,,,,PlateNumber:6ColumnNumber:1RowNumber:C
,6,1,D,,,,PlateNumber:6ColumnNumber:1RowNumber:D
,6,1,E,,,,PlateNumber:6ColumnNumber:1RowNumber:E
,6,1,F,,,,PlateNumber:6ColumnNumber:1RowNumber:F
,6,1,G,,,,PlateNumber:6ColumnNumber:1RowNumber:G
,6,1,H,,,,PlateNumber:6ColumnNumber:1RowNumber:H
,6,2,A,,,,PlateNumber:6ColumnNumber:2RowNumber:A
,6,2,B,,,,PlateNumber:6ColumnNumber:2RowNumber:B
,6,2,C,,,,PlateNumber:6ColumnNumber:2RowNumber:C
,6,2,D,,,,PlateNumber:6ColumnNumber:2RowNumber:D
,6,2,E,,,,PlateNumber:6ColumnNumber:2RowNumber:E
,6,2,F,,,,PlateNumber:6ColumnNumber:2RowNumber:F
,6,2,G,,,,PlateNumber:6ColumnNumber:2RowNumber:G
,6,2,H,,,,PlateNumber:6ColumnNumber:2RowNumber:H
,6,3,A,,,,PlateNumber:6ColumnNumber:3RowNumber:A
,6,3,B,,,,PlateNumber:6ColumnNumber:3RowNumber:B
,6,3,C,,,,PlateNumber:6ColumnNumber:3RowNumber:C
,6,3,D,,,,PlateNumber:6ColumnNumber:3RowNumber:D
,6,3,E,,,,PlateNumber:6ColumnNumber:3RowNumber:E
,6,3,F,,,,PlateNumber:6ColumnNumber:3RowNumber:F
,6,3,G,,,,PlateNumber:6ColumnNumber:3RowNumber:G
,6,3,H,,,,PlateNumber:6ColumnNumber:3RowNumber:H
,6,4,A,,,,PlateNumber:6ColumnNumber:4RowNumber:A
,6,4,B,,,,PlateNumber:6ColumnNumber:4RowNumber:B
,6,4,C,,,,PlateNumber:6ColumnNumber:4RowNumber:C
,6,4,D,,,,PlateNumber:6ColumnNumber:4RowNumber:D
,6,4,E,,,,PlateNumber:6ColumnNumber:4RowNumber:E
,6,4,F,,,,PlateNumber:6ColumnNumber:4RowNumber:F
,6,4,G,,,,PlateNumber:6ColumnNumber:4RowNumber:G
,6,4,H,,,,PlateNumber:6ColumnNumber:4RowNumber:H
,6,5,A,,,,PlateNumber:6ColumnNumber:5RowNumber:A
,6,5,B,,,,PlateNumber:6ColumnNumber:5RowNumber:B
,6,5,C,,,,PlateNumber:6ColumnNumber:5RowNumber:C
,6,5,D,,,,PlateNumber:6ColumnNumber:5RowNumber:D
,6,5,E,,,,PlateNumber:6ColumnNumber:5RowNumber:E
,6,5,F,,,,PlateNumber:6ColumnNumber:5RowNumber:F
,6,5,G,,,,PlateNumber:6ColumnNumber:5RowNumber:G
,6,5,H,,,,PlateNumber:6ColumnNumber:5RowNumber:H
,6,6,A,,,,PlateNumber:6ColumnNumber:6RowNumber:A
,6,6,B,,,,PlateNumber:6ColumnNumber:6RowNumber:B
,6,6,C,,,,PlateNumber:6ColumnNumber:6RowNumber:C
,6,6,D,,,,PlateNumber:6ColumnNumber:6RowNumber:D
,6,6,E,,,,PlateNumber:6ColumnNumber:6RowNumber:E
,6,6,F,,,,PlateNumber:6ColumnNumber:6RowNumber:F
,6,6,G,,,,PlateNumber:6ColumnNumber:6RowNumber:G
,6,6,H,,,,PlateNumber:6ColumnNumber:6RowNumber:H
,6,7,A,,,,PlateNumber:6ColumnNumber:7RowNumber:A
,6,7,B,,,,PlateNumber:6ColumnNumber:7RowNumber:B
,6,7,C,,,,PlateNumber:6ColumnNumber:7RowNumber:C
,6,7,D,,,,PlateNumber:6ColumnNumber:7RowNumber:D
,6,7,E,,,,PlateNumber:6ColumnNumber:7RowNumber:E
,6,7,F,,,,PlateNumber:6ColumnNumber:7RowNumber:F
,6,7,G,,,,PlateNumber:6ColumnNumber:7RowNumber:G
,6,7,H,,,,PlateNumber:6ColumnNumber:7RowNumber:H
,6,8,A,,,,PlateNumber:6ColumnNumber:8RowNumber:A
,6,8,B,,,,PlateNumber:6ColumnNumber:8RowNumber:B
,6,8,C,,,,PlateNumber:6ColumnNumber:8RowNumber:C
,6,8,D,,,,PlateNumber:6ColumnNumber:8RowNumber:D
,6,8,E,,,,PlateNumber:6ColumnNumber:8RowNumber:E
,6,8,F,,,,PlateNumber:6ColumnNumber:8RowNumber:F
,6,8,G,,,,PlateNumber:6ColumnNumber:8RowNumber:G
,6,8,H,,,,PlateNumber:6ColumnNumber:8RowNumber:H
,6,9,A,,,,PlateNumber:6ColumnNumber:9RowNumber:A
,6,9,B,,,,PlateNumber:6ColumnNumber:9RowNumber:B
,6,9,C,,,,PlateNumber:6ColumnNumber:9RowNumber:C
,6,9,D,,,,PlateNumber:6ColumnNumber:9RowNumber:D
,6,9,E,,,,PlateNumber:6ColumnNumber:9RowNumber:E
,6,9,F,,,,PlateNumber:6ColumnNumber:9RowNumber:F
,6,9,G,,,,PlateNumber:6ColumnNumber:9RowNumber:G
,6,9,H,,,,PlateNumber:6ColumnNumber:9RowNumber:H
,6,10,A,,,,PlateNumber:6ColumnNumber:10RowNumber:A
,6,10,B,,,,PlateNumber:6ColumnNumber:10RowNumber:B
,6,10,C,,,,PlateNumber:6ColumnNumber:10RowNumber:C
,6,10,D,,,,PlateNumber:6ColumnNumber:10RowNumber:D
,6,10,E,,,,PlateNumber:6ColumnNumber:10RowNumber:E
,6,10,F,,,,PlateNumber:6ColumnNumber:10RowNumber:F
,6,10,G,,,,PlateNumber:6ColumnNumber:10RowNumber:G
,6,10,H,,,,PlateNumber:6ColumnNumber:10RowNumber:H
,6,11,A,,,,PlateNumber:6ColumnNumber:11RowNumber:A
,6,11,B,,,,PlateNumber:6ColumnNumber:11RowNumber:B
,6,11,C,,,,PlateNumber:6ColumnNumber:11RowNumber:C
,6,11,D,,,,PlateNumber:6ColumnNumber:11RowNumber:D
,6,11,E,,,,PlateNumber:6ColumnNumber:11RowNumber:E
,6,11,F,,,,PlateNumber:6ColumnNumber:11RowNumber:F
,6,11,G,,,,PlateNumber:6ColumnNumber:11RowNumber:G
,6,11,H,,,,PlateNumber:6ColumnNumber:11RowNumber:H
,6,12,A,,,,PlateNumber:6ColumnNumber:12RowNumber:A
,6,12,B,,,,PlateNumber:6ColumnNumber:12RowNumber:B
,6,12,C,,,,PlateNumber:6ColumnNumber:12RowNumber:C
,6,12,D,,,,PlateNumber:6ColumnNumber:12RowNumber:D
,6,12,E,,,,PlateNumber:6ColumnNumber:12RowNumber:E
,6,12,F,,,,PlateNumber:6ColumnNumber:12RowNumber:F
,6,12,G,,,,PlateNumber:6ColumnNumber:12RowNumber:G
,6,12,H,,,,PlateNumber:6ColumnNumber:12RowNumber:H
,7,1,A,,,,PlateNumber:7ColumnNumber:1RowNumber:A
,7,1,B,,,,PlateNumber:7ColumnNumber:1RowNumber:B
,7,1,C,,,,PlateNumber:7ColumnNumber:1RowNumber:C
,7,1,D,,,,PlateNumber:7ColumnNumber:1RowNumber:D
,7,1,E,,,,PlateNumber:7ColumnNumber:1RowNumber:E
,7,1,F,,,,PlateNumber:7ColumnNumber:1RowNumber:F
,7,1,G,,,,PlateNumber:7ColumnNumber:1RowNumber:G
,7,1,H,,,,PlateNumber:7ColumnNumber:1RowNumber:H
,7,2,A,,,,PlateNumber:7ColumnNumber:2RowNumber:A
,7,2,B,,,,PlateNumber:7ColumnNumber:2RowNumber:B
,7,2,C,,,,PlateNumber:7ColumnNumber:2RowNumber:C
,7,2,D,,,,PlateNumber:7ColumnNumber:2RowNumber:D
,7,2,E,,,,PlateNumber:7ColumnNumber:2RowNumber:E
,7,2,F,,,,PlateNumber:7ColumnNumber:2RowNumber:F
,7,2,G,,,,PlateNumber:7ColumnNumber:2RowNumber:G
,7,2,H,,,,PlateNumber:7ColumnNumber:2RowNumber:H
,7,3,A,,,,PlateNumber:7ColumnNumber:3RowNumber:A
,7,3,B,,,,PlateNumber:7ColumnNumber:3RowNumber:B
,7,3,C,,,,PlateNumber:7ColumnNumber:3RowNumber:C
,7,3,D,,,,PlateNumber:7ColumnNumber:3RowNumber:D
,7,3,E,,,,PlateNumber:7ColumnNumber:3RowNumber:E
,7,3,F,,,,PlateNumber:7ColumnNumber:3RowNumber:F
,7,3,G,,,,PlateNumber:7ColumnNumber:3RowNumber:G
,7,3,H,,,,PlateNumber:7ColumnNumber:3RowNumber:H
,7,4,A,,,,PlateNumber:7ColumnNumber:4RowNumber:A
,7,4,B,,,,PlateNumber:7ColumnNumber:4RowNumber:B
,7,4,C,,,,PlateNumber:7ColumnNumber:4RowNumber:C
,7,4,D,,,,PlateNumber:7ColumnNumber:4RowNumber:D
,7,4,E,,,,PlateNumber:7ColumnNumber:4RowNumber:E
,7,4,F,,,,PlateNumber:7ColumnNumber:4RowNumber:F
,7,4,G,,,,PlateNumber:7ColumnNumber:4RowNumber:G
,7,4,H,,,,PlateNumber:7ColumnNumber:4RowNumber:H
,7,5,A,,,,PlateNumber:7ColumnNumber:5RowNumber:A
,7,5,B,,,,PlateNumber:7ColumnNumber:5RowNumber:B
,7,5,C,,,,PlateNumber:7ColumnNumber:5RowNumber:C
,7,5,D,,,,PlateNumber:7ColumnNumber:5RowNumber:D
,7,5,E,,,,PlateNumber:7ColumnNumber:5RowNumber:E
,7,5,F,,,,PlateNumber:7ColumnNumber:5RowNumber:F
,7,5,G,,,,PlateNumber:7ColumnNumber:5RowNumber:G
,7,5,H,,,,PlateNumber:7ColumnNumber:5RowNumber:H
,7,6,A,,,,PlateNumber:7ColumnNumber:6RowNumber:A
,7,6,B,,,,PlateNumber:7ColumnNumber:6RowNumber:B
,7,6,C,,,,PlateNumber:7ColumnNumber:6RowNumber:C
,7,6,D,,,,PlateNumber:7ColumnNumber:6RowNumber:D
,7,6,E,,,,PlateNumber:7ColumnNumber:6RowNumber:E
,7,6,F,,,,PlateNumber:7ColumnNumber:6RowNumber:F
,7,6,G,,,,PlateNumber:7ColumnNumber:6RowNumber:G
,7,6,H,,,,PlateNumber:7ColumnNumber:6RowNumber:H
,7,7,A,,,,PlateNumber:7ColumnNumber:7RowNumber:A
,7,7,B,,,,PlateNumber:7ColumnNumber:7RowNumber:B
,7,7,C,,,,PlateNumber:7ColumnNumber:7RowNumber:C
,7,7,D,,,,PlateNumber:7ColumnNumber:7RowNumber:D
,7,7,E,,,,PlateNumber:7ColumnNumber:7RowNumber:E
,7,7,F,,,,PlateNumber:7ColumnNumber:7RowNumber:F
,7,7,G,,,,PlateNumber:7ColumnNumber:7RowNumber:G
,7,7,H,,,,PlateNumber:7ColumnNumber:7RowNumber:H
,7,8,A,,,,PlateNumber:7ColumnNumber:8RowNumber:A
,7,8,B,,,,PlateNumber:7ColumnNumber:8RowNumber:B
,7,8,C,,,,PlateNumber:7ColumnNumber:8RowNumber:C
,7,8,D,,,,PlateNumber:7ColumnNumber:8RowNumber:D
,7,8,E,,,,PlateNumber:7ColumnNumber:8RowNumber:E
,7,8,F,,,,PlateNumber:7ColumnNumber:8RowNumber:F
,7,8,G,,,,PlateNumber:7ColumnNumber:8RowNumber:G
,7,8,H,,,,PlateNumber:7ColumnNumber:8RowNumber:H
,7,9,A,,,,PlateNumber:7ColumnNumber:9RowNumber:A
,7,9,B,,,,PlateNumber:7ColumnNumber:9RowNumber:B
,7,9,C,,,,PlateNumber:7ColumnNumber:9RowNumber:C
,7,9,D,,,,PlateNumber:7ColumnNumber:9RowNumber:D
,7,9,E,,,,PlateNumber:7ColumnNumber:9RowNumber:E
,7,9,F,,,,PlateNumber:7ColumnNumber:9RowNumber:F
,7,9,G,,,,PlateNumber:7ColumnNumber:9RowNumber:G
,7,9,H,,,,PlateNumber:7ColumnNumber:9RowNumber:H
,7,10,A,,,,PlateNumber:7ColumnNumber:10RowNumber:A
,7,10,B,,,,PlateNumber:7ColumnNumber:10RowNumber:B
,7,10,C,,,,PlateNumber:7ColumnNumber:10RowNumber:C
,7,10,D,,,,PlateNumber:7ColumnNumber:10RowNumber:D
,7,10,E,,,,PlateNumber:7ColumnNumber:10RowNumber:E
,7,10,F,,,,PlateNumber:7ColumnNumber:10RowNumber:F
,7,10,G,,,,PlateNumber:7ColumnNumber:10RowNumber:G
,7,10,H,,,,PlateNumber:7ColumnNumber:10RowNumber:H
,7,11,A,,,,PlateNumber:7ColumnNumber:11RowNumber:A
,7,11,B,,,,PlateNumber:7ColumnNumber:11RowNumber:B
,7,11,C,,,,PlateNumber:7ColumnNumber:11RowNumber:C
,7,11,D,,,,PlateNumber:7ColumnNumber:11RowNumber:D
,7,11,E,,,,PlateNumber:7ColumnNumber:11RowNumber:E
,7,11,F,,,,PlateNumber:7ColumnNumber:11RowNumber:F
,7,11,G,,,,PlateNumber:7ColumnNumber:11RowNumber:G
,7,11,H,,,,PlateNumber:7ColumnNumber:11RowNumber:H
,7,12,A,,,,PlateNumber:7ColumnNumber:12RowNumber:A
,7,12,B,,,,PlateNumber:7ColumnNumber:12RowNumber:B
,7,12,C,,,,PlateNumber:7ColumnNumber:12RowNumber:C
,7,12,D,,,,PlateNumber:7ColumnNumber:12RowNumber:D
,7,12,E,,,,PlateNumber:7ColumnNumber:12RowNumber:E
,7,12,F,,,,PlateNumber:7ColumnNumber:12RowNumber:F
,7,12,G,,,,PlateNumber:7ColumnNumber:12RowNumber:G
,7,12,H,,,,PlateNumber:7ColumnNumber:12RowNumber:H
,8,1,A,,,,PlateNumber:8ColumnNumber:1RowNumber:A
,8,1,B,,,,PlateNumber:8ColumnNumber:1RowNumber:B
,8,1,C,,,,PlateNumber:8ColumnNumber:1RowNumber:C
,8,1,D,,,,PlateNumber:8ColumnNumber:1RowNumber:D
,8,1,E,,,,PlateNumber:8ColumnNumber:1RowNumber:E
,8,1,F,,,,PlateNumber:8ColumnNumber:1RowNumber:F
,8,1,G,,,,PlateNumber:8ColumnNumber:1RowNumber:G
,8,1,H,,,,PlateNumber:8ColumnNumber:1RowNumber:H
,8,2,A,,,,PlateNumber:8ColumnNumber:2RowNumber:A
,8,2,B,,,,PlateNumber:8ColumnNumber:2RowNumber:B
,8,2,C,,,,PlateNumber:8ColumnNumber:2RowNumber:C
,8,2,D,,,,PlateNumber:8ColumnNumber:2RowNumber:D
,8,2,E,,,,PlateNumber:8ColumnNumber:2RowNumber:E
,8,2,F,,,,PlateNumber:8ColumnNumber:2RowNumber:F
,8,2,G,,,,PlateNumber:8ColumnNumber:2RowNumber:G
,8,2,H,,,,PlateNumber:8ColumnNumber:2RowNumber:H
,8,3,A,,,,PlateNumber:8ColumnNumber:3RowNumber:A
,8,3,B,,,,PlateNumber:8ColumnNumber:3RowNumber:B
,8,3,C,,,,PlateNumber:8ColumnNumber:3RowNumber:C
,8,3,D,,,,PlateNumber:8ColumnNumber:3RowNumber:D
,8,3,E,,,,PlateNumber:8ColumnNumber:3RowNumber:E
,8,3,F,,,,PlateNumber:8ColumnNumber:3RowNumber:F
,8,3,G,,,,PlateNumber:8ColumnNumber:3RowNumber:G
,8,3,H,,,,PlateNumber:8ColumnNumber:3RowNumber:H
,8,4,A,,,,PlateNumber:8ColumnNumber:4RowNumber:A
,8,4,B,,,,PlateNumber:8ColumnNumber:4RowNumber:B
,8,4,C,,,,PlateNumber:8ColumnNumber:4RowNumber:C
,8,4,D,,,,PlateNumber:8ColumnNumber:4RowNumber:D
,8,4,E,,,,PlateNumber:8ColumnNumber:4RowNumber:E
,8,4,F,,,,PlateNumber:8ColumnNumber:4RowNumber:F
,8,4,G,,,,PlateNumber:8ColumnNumber:4RowNumber:G
,8,4,H,,,,PlateNumber:8ColumnNumber:4RowNumber:H
,8,5,A,,,,PlateNumber:8ColumnNumber:5RowNumber:A
,8,5,B,,,,PlateNumber:8ColumnNumber:5RowNumber:B
,8,5,C,,,,PlateNumber:8ColumnNumber:5RowNumber:C
,8,5,D,,,,PlateNumber:8ColumnNumber:5RowNumber:D
,8,5,E,,,,PlateNumber:8ColumnNumber:5RowNumber:E
,8,5,F,,,,PlateNumber:8ColumnNumber:5RowNumber:F
,8,5,G,,,,PlateNumber:8ColumnNumber:5RowNumber:G
,8,5,H,,,,PlateNumber:8ColumnNumber:5RowNumber:H
,8,6,A,,,,PlateNumber:8ColumnNumber:6RowNumber:A
,8,6,B,,,,PlateNumber:8ColumnNumber:6RowNumber:B
,8,6,C,,,,PlateNumber:8ColumnNumber:6RowNumber:C
,8,6,D,,,,PlateNumber:8ColumnNumber:6RowNumber:D
,8,6,E,,,,PlateNumber:8ColumnNumber:6RowNumber:E
,8,6,F,,,,PlateNumber:8ColumnNumber:6RowNumber:F
,8,6,G,,,,PlateNumber:8ColumnNumber:6RowNumber:G
,8,6,H,,,,PlateNumber:8ColumnNumber:6RowNumber:H
,8,7,A,,,,PlateNumber:8ColumnNumber:7RowNumber:A
,8,7,B,,,,PlateNumber:8ColumnNumber:7RowNumber:B
,8,7,C,,,,PlateNumber:8ColumnNumber:7RowNumber:C
,8,7,D,,,,PlateNumber:8ColumnNumber:7RowNumber:D
,8,7,E,,,,PlateNumber:8ColumnNumber:7RowNumber:E
,8,7,F,,,,PlateNumber:8ColumnNumber:7RowNumber:F
,8,7,G,,,,PlateNumber:8ColumnNumber:7RowNumber:G
,8,7,H,,,,PlateNumber:8ColumnNumber:7RowNumber:H
,8,8,A,,,,PlateNumber:8ColumnNumber:8RowNumber:A
,8,8,B,,,,PlateNumber:8ColumnNumber:8RowNumber:B
,8,8,C,,,,PlateNumber:8ColumnNumber:8RowNumber:C
,8,8,D,,,,PlateNumber:8ColumnNumber:8RowNumber:D
,8,8,E,,,,PlateNumber:8ColumnNumber:8RowNumber:E
,8,8,F,,,,PlateNumber:8ColumnNumber:8RowNumber:F
,8,8,G,,,,PlateNumber:8ColumnNumber:8RowNumber:G
,8,8,H,,,,PlateNumber:8ColumnNumber:8RowNumber:H
,8,9,A,,,,PlateNumber:8ColumnNumber:9RowNumber:A
,8,9,B,,,,PlateNumber:8ColumnNumber:9RowNumber:B
,8,9,C,,,,PlateNumber:8ColumnNumber:9RowNumber:C
,8,9,D,,,,PlateNumber:8ColumnNumber:9RowNumber:D
,8,9,E,,,,PlateNumber:8ColumnNumber:9RowNumber:E
,8,9,F,,,,PlateNumber:8ColumnNumber:9RowNumber:F
,8,9,G,,,,PlateNumber:8ColumnNumber:9RowNumber:G
,8,9,H,,,,PlateNumber:8ColumnNumber:9RowNumber:H
,8,10,A,,,,PlateNumber:8ColumnNumber:10RowNumber:A
,8,10,B,,,,PlateNumber:8ColumnNumber:10RowNumber:B
,8,10,C,,,,PlateNumber:8ColumnNumber:10RowNumber:C
,8,10,D,,,,PlateNumber:8ColumnNumber:10RowNumber:D
,8,10,E,,,,PlateNumber:8ColumnNumber:10RowNumber:E
,8,10,F,,,,PlateNumber:8ColumnNumber:10RowNumber:F
,8,10,G,,,,PlateNumber:8ColumnNumber:10RowNumber:G
,8,10,H,,,,PlateNumber:8ColumnNumber:10RowNumber:H
,8,11,A,,,,PlateNumber:8ColumnNumber:11RowNumber:A
,8,11,B,,,,PlateNumber:8ColumnNumber:11RowNumber:B
,8,11,C,,,,PlateNumber:8ColumnNumber:11RowNumber:C
,8,11,D,,,,PlateNumber:8ColumnNumber:11RowNumber:D
,8,11,E,,,,PlateNumber:8ColumnNumber:11RowNumber:E
,8,11,F,,,,PlateNumber:8ColumnNumber:11RowNumber:F
,8,11,G,,,,PlateNumber:8ColumnNumber:11RowNumber:G
,8,11,H,,,,PlateNumber:8ColumnNumber:11RowNumber:H
,8,12,A,,,,PlateNumber:8ColumnNumber:12RowNumber:A
,8,12,B,,,,PlateNumber:8ColumnNumber:12RowNumber:B
,8,12,C,,,,PlateNumber:8ColumnNumber:12RowNumber:C
,8,12,D,,,,PlateNumber:8ColumnNumber:12RowNumber:D
,8,12,E,,,,PlateNumber:8ColumnNumber:12RowNumber:E
,8,12,F,,,,PlateNumber:8ColumnNumber:12RowNumber:F
,8,12,G,,,,PlateNumber:8ColumnNumber:12RowNumber:G
,8,12,H,,,,PlateNumber:8ColumnNumber:12RowNumber:H
,9,1,A,,,,PlateNumber:9ColumnNumber:1RowNumber:A
,9,1,B,,,,PlateNumber:9ColumnNumber:1RowNumber:B
,9,1,C,,,,PlateNumber:9ColumnNumber:1RowNumber:C
,9,1,D,,,,PlateNumber:9ColumnNumber:1RowNumber:D
,9,1,E,,,,PlateNumber:9ColumnNumber:1RowNumber:E
,9,1,F,,,,PlateNumber:9ColumnNumber:1RowNumber:F
,9,1,G,,,,PlateNumber:9ColumnNumber:1RowNumber:G
,9,1,H,,,,PlateNumber:9ColumnNumber:1RowNumber:H
,9,2,A,,,,PlateNumber:9ColumnNumber:2RowNumber:A
,9,2,B,,,,PlateNumber:9ColumnNumber:2RowNumber:B
,9,2,C,,,,PlateNumber:9ColumnNumber:2RowNumber:C
,9,2,D,,,,PlateNumber:9ColumnNumber:2RowNumber:D
,9,2,E,,,,PlateNumber:9ColumnNumber:2RowNumber:E
,9,2,F,,,,PlateNumber:9ColumnNumber:2RowNumber:F
,9,2,G,,,,PlateNumber:9ColumnNumber:2RowNumber:G
,9,2,H,,,,PlateNumber:9ColumnNumber:2RowNumber:H
,9,3,A,,,,PlateNumber:9ColumnNumber:3RowNumber:A
,9,3,B,,,,PlateNumber:9ColumnNumber:3RowNumber:B
,9,3,C,,,,PlateNumber:9ColumnNumber:3RowNumber:C
,9,3,D,,,,PlateNumber:9ColumnNumber:3RowNumber:D
,9,3,E,,,,PlateNumber:9ColumnNumber:3RowNumber:E
,9,3,F,,,,PlateNumber:9ColumnNumber:3RowNumber:F
,9,3,G,,,,PlateNumber:9ColumnNumber:3RowNumber:G
,9,3,H,,,,PlateNumber:9ColumnNumber:3RowNumber:H
,9,4,A,,,,PlateNumber:9ColumnNumber:4RowNumber:A
,9,4,B,,,,PlateNumber:9ColumnNumber:4RowNumber:B
,9,4,C,,,,PlateNumber:9ColumnNumber:4RowNumber:C
,9,4,D,,,,PlateNumber:9ColumnNumber:4RowNumber:D
,9,4,E,,,,PlateNumber:9ColumnNumber:4RowNumber:E
,9,4,F,,,,PlateNumber:9ColumnNumber:4RowNumber:F
,9,4,G,,,,PlateNumber:9ColumnNumber:4RowNumber:G
,9,4,H,,,,PlateNumber:9ColumnNumber:4RowNumber:H
,9,5,A,,,,PlateNumber:9ColumnNumber:5RowNumber:A
,9,5,B,,,,PlateNumber:9ColumnNumber:5RowNumber:B
,9,5,C,,,,PlateNumber:9ColumnNumber:5RowNumber:C
,9,5,D,,,,PlateNumber:9ColumnNumber:5RowNumber:D
,9,5,E,,,,PlateNumber:9ColumnNumber:5RowNumber:E
,9,5,F,,,,PlateNumber:9ColumnNumber:5RowNumber:F
,9,5,G,,,,PlateNumber:9ColumnNumber:5RowNumber:G
,9,5,H,,,,PlateNumber:9ColumnNumber:5RowNumber:H
,9,6,A,,,,PlateNumber:9ColumnNumber:6RowNumber:A
,9,6,B,,,,PlateNumber:9ColumnNumber:6RowNumber:B
,9,6,C,,,,PlateNumber:9ColumnNumber:6RowNumber:C
,9,6,D,,,,PlateNumber:9ColumnNumber:6RowNumber:D
,9,6,E,,,,PlateNumber:9ColumnNumber:6RowNumber:E
,9,6,F,,,,PlateNumber:9ColumnNumber:6RowNumber:F
,9,6,G,,,,PlateNumber:9ColumnNumber:6RowNumber:G
,9,6,H,,,,PlateNumber:9ColumnNumber:6RowNumber:H
,9,7,A,,,,PlateNumber:9ColumnNumber:7RowNumber:A
,9,7,B,,,,PlateNumber:9ColumnNumber:7RowNumber:B
,9,7,C,,,,PlateNumber:9ColumnNumber:7RowNumber:C
,9,7,D,,,,PlateNumber:9ColumnNumber:7RowNumber:D
,9,7,E,,,,PlateNumber:9ColumnNumber:7RowNumber:E
,9,7,F,,,,PlateNumber:9ColumnNumber:7RowNumber:F
,9,7,G,,,,PlateNumber:9ColumnNumber:7RowNumber:G
,9,7,H,,,,PlateNumber:9ColumnNumber:7RowNumber:H
,9,8,A,,,,PlateNumber:9ColumnNumber:8RowNumber:A
,9,8,B,,,,PlateNumber:9ColumnNumber:8RowNumber:B
,9,8,C,,,,PlateNumber:9ColumnNumber:8RowNumber:C
,9,8,D,,,,PlateNumber:9ColumnNumber:8RowNumber:D
,9,8,E,,,,PlateNumber:9ColumnNumber:8RowNumber:E
,9,8,F,,,,PlateNumber:9ColumnNumber:8RowNumber:F
,9,8,G,,,,PlateNumber:9ColumnNumber:8RowNumber:G
,9,8,H,,,,PlateNumber:9ColumnNumber:8RowNumber:H
,9,9,A,,,,PlateNumber:9ColumnNumber:9RowNumber:A
,9,9,B,,,,PlateNumber:9ColumnNumber:9RowNumber:B
,9,9,C,,,,PlateNumber:9ColumnNumber:9RowNumber:C
,9,9,D,,,,PlateNumber:9ColumnNumber:9RowNumber:D
,9,9,E,,,,PlateNumber:9ColumnNumber:9RowNumber:E
,9,9,F,,,,PlateNumber:9ColumnNumber:9RowNumber:F
,9,9,G,,,,PlateNumber:9ColumnNumber:9RowNumber:G
,9,9,H,,,,PlateNumber:9ColumnNumber:9RowNumber:H
,9,10,A,,,,PlateNumber:9ColumnNumber:10RowNumber:A
,9,10,B,,,,PlateNumber:9ColumnNumber:10RowNumber:B
,9,10,C,,,,PlateNumber:9ColumnNumber:10RowNumber:C
,9,10,D,,,,PlateNumber:9ColumnNumber:10RowNumber:D
,9,10,E,,,,PlateNumber:9ColumnNumber:10RowNumber:E
,9,10,F,,,,PlateNumber:9ColumnNumber:10RowNumber:F
,9,10,G,,,,PlateNumber:9ColumnNumber:10RowNumber:G
,9,10,H,,,,PlateNumber:9ColumnNumber:10RowNumber:H
,9,11,A,,,,PlateNumber:9ColumnNumber:11RowNumber:A
,9,11,B,,,,PlateNumber:9ColumnNumber:11RowNumber:B
,9,11,C,,,,PlateNumber:9ColumnNumber:11RowNumber:C
,9,11,D,,,,PlateNumber:9ColumnNumber:11RowNumber:D
,9,11,E,,,,PlateNumber:9ColumnNumber:11RowNumber:E
,9,11,F,,,,PlateNumber:9ColumnNumber:11RowNumber:F
,9,11,G,,,,PlateNumber:9ColumnNumber:11RowNumber:G
,9,11,H,,,,PlateNumber:9ColumnNumber:11RowNumber:H
,9,12,A,,,,PlateNumber:9ColumnNumber:12RowNumber:A
,9,12,B,,,,PlateNumber:9ColumnNumber:12RowNumber:B
,9,12,C,,,,PlateNumber:9ColumnNumber:12RowNumber:C
,9,12,D,,,,PlateNumber:9ColumnNumber:12RowNumber:D
,9,12,E,,,,PlateNumber:9ColumnNumber:12RowNumber:E
,9,12,F,,,,PlateNumber:9ColumnNumber:12RowNumber:F
,9,12,G,,,,PlateNumber:9ColumnNumber:12RowNumber:G
,9,12,H,,,,PlateNumber:9ColumnNumber:12RowNumber:H
,10,1,A,,,,PlateNumber:10ColumnNumber:1RowNumber:A
,10,1,B,,,,PlateNumber:10ColumnNumber:1RowNumber:B
,10,1,C,,,,PlateNumber:10ColumnNumber:1RowNumber:C
,10,1,D,,,,PlateNumber:10ColumnNumber:1RowNumber:D
,10,1,E,,,,PlateNumber:10ColumnNumber:1RowNumber:E
,10,1,F,,,,PlateNumber:10ColumnNumber:1RowNumber:F
,10,1,G,,,,PlateNumber:10ColumnNumber:1RowNumber:G
,10,1,H,,,,PlateNumber:10ColumnNumber:1RowNumber:H
,10,2,A,,,,PlateNumber:10ColumnNumber:2RowNumber:A
,10,2,B,,,,PlateNumber:10ColumnNumber:2RowNumber:B
,10,2,C,,,,PlateNumber:10ColumnNumber:2RowNumber:C
,10,2,D,,,,PlateNumber:10ColumnNumber:2RowNumber:D
,10,2,E,,,,PlateNumber:10ColumnNumber:2RowNumber:E
,10,2,F,,,,PlateNumber:10ColumnNumber:2RowNumber:F
,10,2,G,,,,PlateNumber:10ColumnNumber:2RowNumber:G
,10,2,H,,,,PlateNumber:10ColumnNumber:2RowNumber:H
,10,3,A,,,,PlateNumber:10ColumnNumber:3RowNumber:A
,10,3,B,,,,PlateNumber:10ColumnNumber:3RowNumber:B
,10,3,C,,,,PlateNumber:10ColumnNumber:3RowNumber:C
,10,3,D,,,,PlateNumber:10ColumnNumber:3RowNumber:D
,10,3,E,,,,PlateNumber:10ColumnNumber:3RowNumber:E
,10,3,F,,,,PlateNumber:10ColumnNumber:3RowNumber:F
,10,3,G,,,,PlateNumber:10ColumnNumber:3RowNumber:G
,10,3,H,,,,PlateNumber:10ColumnNumber:3RowNumber:H
,10,4,A,,,,PlateNumber:10ColumnNumber:4RowNumber:A
,10,4,B,,,,PlateNumber:10ColumnNumber:4RowNumber:B
,10,4,C,,,,PlateNumber:10ColumnNumber:4RowNumber:C
,10,4,D,,,,PlateNumber:10ColumnNumber:4RowNumber:D
,10,4,E,,,,PlateNumber:10ColumnNumber:4RowNumber:E
,10,4,F,,,,PlateNumber:10ColumnNumber:4RowNumber:F
,10,4,G,,,,PlateNumber:10ColumnNumber:4RowNumber:G
,10,4,H,,,,PlateNumber:10ColumnNumber:4RowNumber:H
,10,5,A,,,,PlateNumber:10ColumnNumber:5RowNumber:A
,10,5,B,,,,PlateNumber:10ColumnNumber:5RowNumber:B
,10,5,C,,,,PlateNumber:10ColumnNumber:5RowNumber:C
,10,5,D,,,,PlateNumber:10ColumnNumber:5RowNumber:D
,10,5,E,,,,PlateNumber:10ColumnNumber:5RowNumber:E
,10,5,F,,,,PlateNumber:10ColumnNumber:5RowNumber:F
,10,5,G,,,,PlateNumber:10ColumnNumber:5RowNumber:G
,10,5,H,,,,PlateNumber:10ColumnNumber:5RowNumber:H
,10,6,A,,,,PlateNumber:10ColumnNumber:6RowNumber:A
,10,6,B,,,,PlateNumber:10ColumnNumber:6RowNumber:B
,10,6,C,,,,PlateNumber:10ColumnNumber:6RowNumber:C
,10,6,D,,,,PlateNumber:10ColumnNumber:6RowNumber:D
,10,6,E,,,,PlateNumber:10ColumnNumber:6RowNumber:E
,10,6,F,,,,PlateNumber:10ColumnNumber:6RowNumber:F
,10,6,G,,,,PlateNumber:10ColumnNumber:6RowNumber:G
,10,6,H,,,,PlateNumber:10ColumnNumber:6RowNumber:H
,10,7,A,,,,PlateNumber:10ColumnNumber:7RowNumber:A
,10,7,B,,,,PlateNumber:10ColumnNumber:7RowNumber:B
,10,7,C,,,,PlateNumber:10ColumnNumber:7RowNumber:C
,10,7,D,,,,PlateNumber:10ColumnNumber:7RowNumber:D
,10,7,E,,,,PlateNumber:10ColumnNumber:7RowNumber:E
,10,7,F,,,,PlateNumber:10ColumnNumber:7RowNumber:F
,10,7,G,,,,PlateNumber:10ColumnNumber:7RowNumber:G
,10,7,H,,,,PlateNumber:10ColumnNumber:7RowNumber:H
,10,8,A,,,,PlateNumber:10ColumnNumber:8RowNumber:A
,10,8,B,,,,PlateNumber:10ColumnNumber:8RowNumber:B
,10,8,C,,,,PlateNumber:10ColumnNumber:8RowNumber:C
,10,8,D,,,,PlateNumber:10ColumnNumber:8RowNumber:D
,10,8,E,,,,PlateNumber:10ColumnNumber:8RowNumber:E
,10,8,F,,,,PlateNumber:10ColumnNumber:8RowNumber:F
,10,8,G,,,,PlateNumber:10ColumnNumber:8RowNumber:G
,10,8,H,,,,PlateNumber:10ColumnNumber:8RowNumber:H
,10,9,A,,,,PlateNumber:10ColumnNumber:9RowNumber:A
,10,9,B,,,,PlateNumber:10ColumnNumber:9RowNumber:B
,10,9,C,,,,PlateNumber:10ColumnNumber:9RowNumber:C
,10,9,D,,,,PlateNumber:10ColumnNumber:9RowNumber:D
,10,9,E,,,,PlateNumber:10ColumnNumber:9RowNumber:E
,10,9,F,,,,PlateNumber:10ColumnNumber:9RowNumber:F
,10,9,G,,,,PlateNumber:10ColumnNumber:9RowNumber:G
,10,9,H,,,,PlateNumber:10ColumnNumber:9RowNumber:H
,10,10,A,,,,PlateNumber:10ColumnNumber:10RowNumber:A
,10,10,B,,,,PlateNumber:10ColumnNumber:10RowNumber:B
,10,10,C,,,,PlateNumber:10ColumnNumber:10RowNumber:C
,10,10,D,,,,PlateNumber:10ColumnNumber:10RowNumber:D
,10,10,E,,,,PlateNumber:10ColumnNumber:10RowNumber:E
,10,10,F,,,,PlateNumber:10ColumnNumber:10RowNumber:F
,10,10,G,,,,PlateNumber:10ColumnNumber:10RowNumber:G
,10,10,H,,,,PlateNumber:10ColumnNumber:10RowNumber:H
,10,11,A,,,,PlateNumber:10ColumnNumber:11RowNumber:A
,10,11,B,,,,PlateNumber:10ColumnNumber:11RowNumber:B
,10,11,C,,,,PlateNumber:10ColumnNumber:11RowNumber:C
,10,11,D,,,,PlateNumber:10ColumnNumber:11RowNumber:D
,10,11,E,,,,PlateNumber:10ColumnNumber:11RowNumber:E
,10,11,F,,,,PlateNumber:10ColumnNumber:11RowNumber:F
,10,11,G,,,,PlateNumber:10ColumnNumber:11RowNumber:G
,10,11,H,,,,PlateNumber:10ColumnNumber:11RowNumber:H
,10,12,A,,,,PlateNumber:10ColumnNumber:12RowNumber:A
,10,12,B,,,,PlateNumber:10ColumnNumber:12RowNumber:B
,10,12,C,,,,PlateNumber:10ColumnNumber:12RowNumber:C
,10,12,D,,,,PlateNumber:10ColumnNumber:12RowNumber:D
,10,12,E,,,,PlateNumber:10ColumnNumber:12RowNumber:E
,10,12,F,,,,PlateNumber:10ColumnNumber:12RowNumber:F
,10,12,G,,,,PlateNumber:10ColumnNumber:12RowNumber:G
,10,12,H,,,,PlateNumber:10ColumnNumber:12RowNumber:H